{"chunk_definitions":[{"row":28,"row_count":1,"visible":true,"expansion_state":0,"options":{"engine":"r","label":"setup","include":false,"dev":"png"},"document_id":"2471FEFA","chunk_id":"csetup_chunk","chunk_label":"setup"},{"row":75,"row_count":1,"visible":true,"expansion_state":0,"options":{"engine":"r","label":"load_packages","dev":"png"},"document_id":"2471FEFA","chunk_id":"csxovhxgys0ah","chunk_label":"load_packages"},{"row":87,"row_count":1,"visible":true,"expansion_state":0,"options":{"engine":"r","label":"import_data","dev":"png"},"document_id":"2471FEFA","chunk_id":"cm0ukxgw4trxh","chunk_label":"import_data"},{"row":146,"row_count":1,"visible":true,"expansion_state":0,"options":{"engine":"r","label":"visit_counts","dev":"png"},"document_id":"2471FEFA","chunk_id":"cg8rqk0gicoyn","chunk_label":"visit_counts"},{"row":232,"row_count":1,"visible":true,"expansion_state":0,"options":{"engine":"r","label":"bind_cols_ex","dev":"png"},"document_id":"2471FEFA","chunk_id":"c1oh5s0w501tt","chunk_label":"bind_cols_ex"},{"row":299,"row_count":1,"visible":true,"expansion_state":0,"options":{"engine":"r","label":"row_bind_ex","dev":"png"},"document_id":"2471FEFA","chunk_id":"cy0esmnt65k0c","chunk_label":"row_bind_ex"}],"doc_write_time":1712089730,"working_dir":null,"default_chunk_options":{"echo":true,"warning":false,"message":false}}