"0",""
"0","dat <- dat %>%"
"0","  "
"0","  # First we make sure blank cells are coded as NA:"
"0","  mutate("
"0","    outc_end        = na_if(outc_end, """"),"
"0","    outc_end_reason = na_if(outc_end_reason, """")"
"0","    ) %>% "
"0","  "
"0","  # Now we can group by patient ID:"
"0","  group_by(pat_id) %>%"
"0","  "
"0","  # Then we calculate the number of visits per patient:"
"0","  mutate("
"0","    # Here we use n() to create a sequential number for each visit"
"0","    visit_num = 1:n(),"
"0","    # Then we get the maximum visit number for each patient:"
"0","    visit_num_last = max(visit_num, na.rm = TRUE)"
"0","    ) %>%"
"0","  "
"0","  # Now we ungroup as subsequent operations will not be grouped by patient:"
"0","  ungroup %>%"
"0","  "
"0","  # Finally, we use select to reorder the columns:"
"0","  select(pat_id, redcap_event_name, visit_num, visit_num_last, everything())"
"0",""
"0",""
